{
  "train_loss": [
    0.9970628639311593,
    0.5063364185693268,
    0.3878825312892649,
    0.3161287515293135,
    0.2707086456780918,
    0.23374903621278872,
    0.19746845432451474,
    0.14002436793256348,
    0.11006194450428712,
    0.08994462756780741
  ],
  "val_loss": [
    0.5399339979014293,
    0.46151873062704213,
    0.40969584837880835,
    0.38588396038221795,
    0.39612411499023437,
    0.38734446223279767,
    0.40542977110247747,
    0.4684229766394119,
    0.4961801063977298,
    0.5705385939131644
  ],
  "val_f1_macro": [
    0.7619305304061751,
    0.8209928236464505,
    0.8710427020620768,
    0.8624979591880041,
    0.8800500956140739,
    0.8803280934303436,
    0.8854930955698624,
    0.8839741709084847,
    0.8825024406552289,
    0.8769401406274939
  ],
  "val_accuracy": [
    0.8206853582554517,
    0.8501557632398754,
    0.8631152647975078,
    0.861183800623053,
    0.8649844236760125,
    0.867601246105919,
    0.8676635514018691,
    0.8661682242990654,
    0.8630529595015576,
    0.8576947040498443
  ]
}